,Age,MonthlySpend,DaysSinceLastInteraction,NumPets
Age,1.0,-0.012323228034549041,-0.003970230104955095,-0.02303512074206079
MonthlySpend,-0.012323228034549041,1.0,0.006081394025809787,0.020646978580249782
DaysSinceLastInteraction,-0.003970230104955095,0.006081394025809787,1.0,-0.05522671530348637
NumPets,-0.02303512074206079,0.020646978580249782,-0.05522671530348637,1.0
