,Age,MonthlySpend,DaysSinceLastInteraction
count,10675.0,10675.0,10675.0
mean,49.47456674473068,331.61031475409834,538.4698829039812
std,18.22136549414863,225.7992527582449,398.7667466311463
min,18.0,3.89,1.0
25%,35.0,165.495,218.0
50%,49.0,282.11,445.0
75%,66.0,443.255,788.5
max,80.0,1740.42,1791.0
